food,emissions,price,serving_size,calories,total_fat,saturated_fat,cholesterol,sodium,choline,folate,folic_acid,niacin,pantothenic_acid,riboflavin,thiamin,vitamin_a,vitamin_a_rae,carotene_alpha,carotene_beta,cryptoxanthin_beta,lutein_zeaxanthin,lucopene,vitamin_b12,vitamin_b6,vitamin_c,vitamin_d,vitamin_e,tocopherol_alpha,vitamin_k,calcium,copper,irom,magnesium,manganese,phosphorous,potassium,selenium,zink,protein,alanine,arginine,aspartic_acid,cystine,glutamic_acid,glycine,histidine,hydroxyproline,isoleucine,leucine,lysine,methionine,phenylalanine,proline,serine,threonine,tryptophan,tyrosine,valine,carbohydrate,fiber,sugars,fructose,galactose,glucose,lactose,maltose,sucrose,fat,saturated_fatty_acids,monounsaturated_fatty_acids,polyunsaturated_fatty_acids,fatty_acids_total_trans,alcohol,ash,caffeine,theobromine,water
Wheat & Rye (Bread),0.0014,0.00145,100,2.67,0.032,0.008,0.0,5.08,0.187,0.85,0.2,0.0562,0.0,0.00253,0.00415,0.02,0.0,0.0,0.01,0.0,0.44,0.0,0.0,0.00111,0.002,0.0,0.0019,0.0019,0.049,1.33,0.00159,0.0349,0.45,0.01177,1.49,1.77,0.288,0.0118999999999999,0.1072,0.0,0.0,0.0,0.0,0.0,0.0,0.0,0.0,0.0,0.0,0.0,0.0,0.0,0.0,0.0,0.0,0.0,0.0,0.0,0.4868,0.04,0.0591,0.0245,0.0,0.0178,0.0,0.0168,0.0,0.0324,0.00777,0.00607,0.01499,0.0,0.0,0.0216,0.0,0.0,0.352
Maize (Meal),0.0011,0.00064,100,3.45,0.016,0.003,0.0,0.04,0.3779999999999999,0.08,0.0,0.06269,0.00145,0.00114,0.0037,0.0,0.0,0.0,0.0,0.0,1.6,0.0,0.0,0.00396,0.0,0.0,0.0056999999999999,0.0056999999999999,0.022,0.32,0.00343,0.0268,0.96,0.01034,2.96,3.09,0.377,0.02,0.105,0.00409,0.00526,0.00655,0.00232,0.02741,0.0038,0.0023599999999999,0.0,0.00383,0.00713,0.00391,0.00202,0.0058899999999999,0.01247,0.00443,0.00356,0.0017499999999999,0.00301,0.00515,0.7452,0.1009999999999999,0.008,0.0,0.0,0.0,0.0,0.0,0.0,0.016,0.00335,0.0020499999999999,0.00771,0.0,0.0,0.0128,0.0,0.0,0.1211
Barley (Beer),0.0011,0.00148,100,0.41,0.0,0.0,0.0,0.0,0.0,0.0,0.0,0.0,0.0,0.0,0.0,0.0,0.0,0.0,0.0,0.0,0.0,0.0,0.0,0.0,0.0,0.0,0.0,0.0,0.0,0.0,0.0,0.0,0.0,0.0,0.0,0.0,0.0,0.0,0.0036,0.0,0.0,0.0,0.0,0.0,0.0,0.0,0.0,0.0,0.0,0.0,0.0,0.0,0.0,0.0,0.0,0.0,0.0,0.0,0.0297,0.0,0.0,0.0,0.0,0.0,0.0,0.0,0.0,0.0,0.0,0.0,0.0,0.0,0.039,0.0011,0.0,0.0,0.9277
Oats,0.0016,0.00197,100,3.89,0.069,0.012,0.0,0.02,0.0,0.56,0.0,0.00961,0.01349,0.00139,0.00763,0.0,0.0,0.0,0.0,0.0,0.0,0.0,0.0,0.0011899999999999,0.0,0.0,0.0,0.0,0.0,0.54,0.00626,0.0472,1.77,0.04916,5.23,4.29,0.0,0.0397,0.1689,0.00881,0.01192,0.01448,0.0040799999999999,0.03712,0.0084099999999999,0.00405,0.0,0.0069399999999999,0.01284,0.00701,0.00312,0.00895,0.00934,0.0075,0.00575,0.00234,0.00573,0.00937,0.6627,0.106,0.0,0.0,0.0,0.0,0.0,0.0,0.0,0.069,0.01217,0.02178,0.02535,0.0,0.0,0.0172,0.0,0.0,0.0822
Rice,0.004,0.00134,100,3.57,0.011,0.002,0.0,0.07,0.35,0.95,0.0,0.06733,0.01074,0.00262,0.00115,0.19,0.01,0.0,0.11,0.0,2.2,0.0,0.0,0.00391,0.0,0.0,0.0081999999999999,0.0081999999999999,0.019,0.21,0.00524,0.0196,1.77,0.01329,4.33,4.27,0.0279999999999999,0.0596,0.1473,0.00825,0.0113599999999999,0.01419,0.0017399999999999,0.02565,0.00672,0.00384,0.0,0.00618,0.01018,0.00629,0.00438,0.0072099999999999,0.00519,0.00778,0.00469,0.00179,0.00622,0.0085799999999999,0.7490000000000001,0.062,0.025,0.0,0.0,0.0,0.0,0.0,0.0067,0.0108,0.00156,0.00159,0.00676,0.0,0.0,0.0153,0.0,0.0,0.0776
Potatoes,0.0003,0.0028599999999999997,100,0.58,0.001,0.0,0.0,0.1,0.0,0.17,0.0,0.0103299999999999,0.00302,0.0003799999999999,0.00021,0.0,0.0,0.0,0.0,0.0,0.0,0.0,0.0,0.0023899999999999,0.114,0.0,0.0,0.0,0.0,0.3,0.00423,0.0324,0.23,0.00602,0.38,4.13,0.003,0.0034999999999999,0.0256999999999999,0.0,0.0,0.0,0.0,0.0,0.0,0.0,0.0,0.0,0.0,0.0,0.0,0.0,0.0,0.0,0.0,0.0,0.0,0.0,0.1244,0.025,0.0,0.0,0.0,0.0,0.0,0.0,0.0,0.001,0.00026,2e-05,0.00043,0.0,0.0,0.0161,0.0,0.0,0.8329000000000001
Cassava,0.0009,0.0014399999999999999,100,1.6,0.003,0.001,0.0,0.14,0.237,0.27,0.0,0.0085399999999999,0.00107,0.00048,0.0008699999999999,0.13,0.01,0.0,0.08,0.0,0.0,0.0,0.0,0.0008799999999999,0.206,0.0,0.0019,0.0019,0.019,0.16,0.001,0.0027,0.21,0.00384,0.27,2.71,0.0069999999999999,0.0034,0.0136,0.0003799999999999,0.00137,0.00079,0.00028,0.0020599999999999,0.00028,0.0002,0.0,0.00027,0.00039,0.0004399999999999,0.0001099999999999,0.00026,0.00033,0.00033,0.00028,0.0001899999999999,0.00017,0.00035,0.3806,0.018,0.017,0.0,0.0,0.0,0.0,0.0,0.0,0.0028,0.00074,0.00075,0.00048,0.0,0.0,0.0062,0.0,0.0,0.5968
Cane Sugar,0.0026,0.00138,100,3.99,0.0,0.0,0.0,0.0,0.0,0.0,0.0,0.0,0.0,0.0,0.0,0.0,0.0,0.0,0.0,0.0,0.0,0.0,0.0,0.0,0.0,0.0,0.0,0.0,0.0,0.0,0.0,0.0,0.0,0.0,0.0,0.0,0.0,0.0,0.0,0.0,0.0,0.0,0.0,0.0,0.0,0.0,0.0,0.0,0.0,0.0,0.0,0.0,0.0,0.0,0.0,0.0,0.0,0.0,0.998,0.0,0.9919,0.0,0.0,0.0,0.0,0.0,0.9919,0.0,0.0,0.0,0.0,0.0,0.0,0.0017,0.0,0.0,0.0003
Beet Sugar,0.0014,0.0023799999999999997,100,3.99,0.0,0.0,0.0,0.0,0.0,0.0,0.0,0.0,0.0,0.0,0.0,0.0,0.0,0.0,0.0,0.0,0.0,0.0,0.0,0.0,0.0,0.0,0.0,0.0,0.0,0.0,0.0,0.0,0.0,0.0,0.0,0.0,0.0,0.0,0.0,0.0,0.0,0.0,0.0,0.0,0.0,0.0,0.0,0.0,0.0,0.0,0.0,0.0,0.0,0.0,0.0,0.0,0.0,0.0,0.998,0.0,0.9919,0.0,0.0,0.0,0.0,0.0,0.9919,0.0,0.0,0.0,0.0,0.0,0.0,0.0017,0.0,0.0,0.0003
Beans,0.0016,0.0033399999999999997,100,3.47,0.012,0.002,0.0,0.12,0.662,5.25,0.0,0.0117399999999999,0.00785,0.00212,0.00713,0.0,0.0,0.0,0.0,0.0,0.0,0.0,0.0,0.0047399999999999,0.063,0.0,0.0021,0.0021,0.0559999999999999,1.13,0.00893,0.0507,1.76,0.0114799999999999,4.11,13.93,0.2789999999999999,0.0227999999999999,0.2142,0.00872,0.01096,0.02268,0.00187,0.03027,0.00796,0.00556,0.0,0.00871,0.01558,0.01356,0.00259,0.01095,0.01072,0.01171,0.0081,0.0023699999999999,0.0042699999999999,0.00998,0.6255,0.155,0.0210999999999999,0.0,0.0,0.0013,0.0,0.0,0.0197999999999999,0.0123,0.0023499999999999,0.00229,0.00407,0.0,0.0,0.0346,0.0,0.0,0.1133
Peas,0.0007999999999999,0.0014299999999999998,100,0.81,0.004,0.001,0.0,0.05,0.284,0.65,0.0,0.0209,0.00104,0.00132,0.00266,7.65,0.38,0.21,4.49,0.0,24.77,0.0,0.0,0.00169,0.4,0.0,0.0013,0.0013,0.248,0.25,0.0017599999999999,0.0147,0.33,0.0040999999999999,1.08,2.44,0.018,0.0124,0.0542,0.0024,0.00428,0.00496,0.00032,0.00741,0.00184,0.00107,0.0,0.00195,0.00323,0.00317,0.00082,0.002,0.0017299999999999,0.00181,0.00203,0.00037,0.00114,0.0023499999999999,0.1445,0.057,0.0567,0.0039,0.0,0.0012,0.0,0.0017,0.0499,0.004,0.0007099999999999,0.00035,0.00187,0.0,0.0,0.0087,0.0,0.0,0.7886
Nuts,0.0002,0.008400000000000001,100,6.91,0.72,0.062,0.0,0.0,0.405,0.22,0.0,0.01167,0.00863,0.0013,0.0066,0.56,0.03,0.0,0.29,0.09,0.17,0.0,0.0,0.0021,0.011,0.0,0.0139999999999999,0.0139999999999999,0.035,0.7,0.012,0.0253,1.21,0.045,2.77,4.1,0.038,0.0453,0.0917,0.00397,0.01177,0.00929,0.0015199999999999,0.01829,0.00453,0.00262,0.0,0.00336,0.00598,0.0028699999999999,0.00183,0.00426,0.00363,0.0047399999999999,0.00306,0.0009299999999999,0.00215,0.00411,0.1386,0.096,0.0397,0.0004,0.0,0.0004,0.0,0.0,0.039,0.7197,0.0617999999999999,0.40801,0.21614,0.0,0.0,0.0149,0.0,0.0,0.0352
Peanuts,0.0024,0.00145,100,5.67,0.49,0.063,0.0,0.18,0.525,2.4,0.0,0.12066,0.0176699999999999,0.00135,0.0064,0.0,0.0,0.0,0.0,0.0,0.0,0.0,0.0,0.0034799999999999,0.0,0.0,0.0833,0.0833,0.0,0.92,0.0114399999999999,0.0458,1.68,0.01934,3.76,7.05,0.072,0.0327,0.258,0.0102499999999999,0.03085,0.03146,0.00331,0.0538999999999999,0.01554,0.00652,0.0,0.00907,0.01672,0.00926,0.00317,0.01377,0.01138,0.0127099999999999,0.00883,0.0025,0.01049,0.01082,0.1613,0.085,0.0472,0.0,0.0,0.0,0.0,0.0,0.0,0.4924,0.06279,0.2442599999999999,0.15558,0.0,0.0,0.0233,0.0,0.0,0.065
Soymilk,0.001,0.00816,100,0.41,0.017,0.002,0.0,0.49,0.0,0.1,0.0,0.0,0.0,0.0021,0.0,2.06,0.0,0.0,0.0,0.0,0.0,0.0,0.0123,0.0,0.0,0.49,0.0,0.0,0.0,1.23,0.0,0.0044,0.16,0.0,0.0,1.23,0.023,0.0025,0.0288,0.0,0.0,0.0,0.0,0.0,0.0,0.0,0.0,0.0,0.0,0.0,0.0,0.0,0.0,0.0,0.0,0.0,0.0,0.0,0.0329,0.004,0.0247,0.0,0.0,0.0,0.0,0.0,0.0,0.0165,0.0020599999999999,0.0,0.0,0.0,0.0,0.0065,0.0,0.0,0.9153
Tofu,0.003,0.0012900000000000001,100,0.85,0.042,0.0069999999999999,0.0,0.33,0.0,0.0,0.0,0.0,0.0,0.0,0.0,0.0,0.0,0.0,0.0,0.0,0.0,0.0,0.0,0.0,0.011,0.0,0.0,0.0,0.0,1.49,0.0,0.0169,0.0,0.0,0.0,0.0,0.0,0.0,0.1092,0.0,0.0,0.0,0.0,0.0,0.0,0.0,0.0,0.0,0.0,0.0,0.0,0.0,0.0,0.0,0.0,0.0,0.0,0.0,0.0097,0.009,0.004,0.0,0.0,0.0,0.0,0.0,0.0,0.0419,0.0070999999999999,0.0097,0.0250999999999999,0.0,0.0,0.0105,0.0,0.0,0.8287
Soybean Oil,0.0059999999999999,0.0014399999999999999,100,7.63,1.0,0.15,0.0,0.0,3.5,0.0,0.0,0.0,0.0,0.0,0.0,0.0,0.0,0.0,0.0,0.0,0.0,0.0,0.0,0.0,0.0,0.0,0.0818,0.0818,1.839,0.0,0.0,0.0,0.0,0.0,0.0,0.0,0.0,0.0,0.0,0.0,0.0,0.0,0.0,0.0,0.0,0.0,0.0,0.0,0.0,0.0,0.0,0.0,0.0,0.0,0.0,0.0,0.0,0.0,0.0,0.0,0.0,0.0,0.0,0.0,0.0,0.0,0.0,1.0,0.15005,0.10977,0.4531799999999999,0.0,0.0,0.0,0.0,0.0,0.0
Palm Oil,0.0076,0.01727,100,8.84,1.0,0.49,0.0,0.0,0.003,0.0,0.0,0.0,0.0,0.0,0.0,0.0,0.0,0.0,0.0,0.0,0.0,0.0,0.0,0.0,0.0,0.0,0.1594,0.1594,0.08,0.0,0.0,0.0001,0.0,0.0,0.0,0.0,0.0,0.0,0.0,0.0,0.0,0.0,0.0,0.0,0.0,0.0,0.0,0.0,0.0,0.0,0.0,0.0,0.0,0.0,0.0,0.0,0.0,0.0,0.0,0.0,0.0,0.0,0.0,0.0,0.0,0.0,0.0,1.0,0.493,0.37,0.093,0.0,0.0,0.0,0.0,0.0,0.0
Sunflower Oil,0.0035,0.00684,100,8.84,1.0,0.08,0.0,0.0,0.002,0.0,0.0,0.0,0.0,0.0,0.0,0.0,0.0,0.0,0.0,0.0,0.0,0.0,0.0,0.0,0.0,0.0,0.1484,0.1484,0.422,0.0,0.0,0.0,0.0,0.0,0.0,0.0,0.0,0.0,0.0,0.0,0.0,0.0,0.0,0.0,0.0,0.0,0.0,0.0,0.0,0.0,0.0,0.0,0.0,0.0,0.0,0.0,0.0,0.0,0.0,0.0,0.0,0.0,0.0,0.0,0.0,0.0,0.0,1.0,0.08026,0.58537,0.29113,0.0,0.0,0.0,0.0,0.0,0.0
Rapeseed Oil,0.0037,0.00526,100,8.84,1.0,0.096,0.0,0.0,0.0,0.0,0.0,0.0,0.0,0.0,0.0,0.0,0.0,0.0,0.0,0.0,0.0,0.0,0.0,0.0,0.0,0.0,0.288,0.288,0.0,0.0,0.0,0.0,0.0,0.0,0.0,0.0,0.0,0.0,0.0,0.0,0.0,0.0,0.0,0.0,0.0,0.0,0.0,0.0,0.0,0.0,0.0,0.0,0.0,0.0,0.0,0.0,0.0,0.0,0.0,0.0,0.0,0.0,0.0,0.0,0.0,0.0,0.0,1.0,0.096,0.161,0.6990000000000001,0.0,0.0,0.0,0.0,0.0,0.0
Olive Oil,0.006,0.011779999999999999,100,8.84,1.0,0.14,0.0,0.02,0.003,0.0,0.0,0.0,0.0,0.0,0.0,0.0,0.0,0.0,0.0,0.0,0.0,0.0,0.0,0.0,0.0,0.0,0.1435,0.1435,0.602,0.01,0.0,0.0056,0.0,0.0,0.0,0.01,0.0,0.0,0.0,0.0,0.0,0.0,0.0,0.0,0.0,0.0,0.0,0.0,0.0,0.0,0.0,0.0,0.0,0.0,0.0,0.0,0.0,0.0,0.0,0.0,0.0,0.0,0.0,0.0,0.0,0.0,0.0,1.0,0.13808,0.72961,0.1052299999999999,0.0,0.0,0.0,0.0,0.0,0.0
Tomatoes,0.0014,0.00431,100,0.16,0.002,0.0,0.0,0.42,0.0,0.29,0.0,0.0059299999999999,0.0018599999999999,0.00034,0.00046,14.96,0.75,0.0,0.0,0.0,0.0,0.0,0.0,0.0006,0.16,0.0,0.0,0.0,0.0,0.05,0.00062,0.0046999999999999,0.08,0.0008799999999999,0.29,2.12,0.004,0.0014,0.0116,0.00033,0.00029,0.00161,0.00015,0.0042699999999999,0.00029,0.0001799999999999,0.0,0.00027,0.00042,0.00042,0.0001,0.0003,0.0002199999999999,0.00031,0.00029,8e-05,0.0002,0.0003,0.0318,0.009,0.0,0.0,0.0,0.0,0.0,0.0,0.0,0.0019,0.00025,0.00028,0.0007599999999999,0.0,0.0,0.0069,0.0,0.0,0.9478
Onions & Leeks,0.0003,0.0024500000000000004,100,0.29,0.001,0.0,0.0,0.12,0.0,0.17,0.0,0.00151,0.0010199999999999,0.00027,0.0003,0.35,0.02,0.0,0.0,0.0,0.0,0.0,0.0,0.00075,0.033,0.0,0.0,0.0,0.0,0.17,0.0001899999999999,0.0033,0.07,0.00074,0.22,1.24,0.004,0.0007,0.0079,0.0002199999999999,0.00106,0.00043,0.00014,0.00127,0.00033,0.00013,0.0,0.00028,0.00028,0.0003799999999999,7.000000000000001e-05,0.0002,0.00025,0.00023,0.0001899999999999,0.0001099999999999,0.0002,0.0001799999999999,0.0682,0.018,0.0,0.0,0.0,0.0,0.0,0.0,0.0,0.001,0.00017,0.00014,0.00039,0.0,0.0,0.003,0.0,0.0,0.9199
Turnips,0.0003,0.00195,100,0.28,0.001,0.0,0.0,0.67,0.111,0.15,0.0,0.004,0.002,0.0003,0.0004,0.0,0.0,0.0,0.0,0.0,0.0,0.0,0.0,0.0009,0.21,0.0,0.0003,0.0003,0.001,0.3,0.00085,0.003,0.11,0.00134,0.27,1.91,0.0069999999999999,0.0027,0.009,0.00035,0.00024,0.00063,5e-05,0.0013,0.00025,0.00014,0.0,0.0003599999999999,0.00033,0.0003599999999999,0.0001099999999999,0.00017,0.00026,0.00029,0.00025,8.999999999999999e-05,0.00013,0.0003,0.0643,0.018,0.038,0.0,0.0,0.0,0.0,0.0,0.0,0.001,0.0001099999999999,6e-05,0.00053,0.0,0.0,0.0069999999999999,0.0,0.0,0.9187
Cabbage,0.0004,0.0014199999999999998,100,0.12,0.002,0.0,0.0,0.11,0.0,0.43,0.0,0.00466,0.00035,0.00025,5e-05,2.63,0.13,0.49,1.33,0.0,0.0,0.0,0.0,0.00037,0.032,0.0,0.0,0.0,0.0,0.29,0.00096,0.0074,0.08,0.00203,0.19,0.87,0.004,0.0014,0.011,0.0,0.0,0.0,0.0,0.0,0.0,0.0,0.0,0.0,0.0,0.0,0.0,0.0,0.0,0.0,0.0,0.0,0.0,0.0,0.0223,0.0,0.0,0.0,0.0,0.0,0.0,0.0,0.0,0.0017,0.0,0.0,0.0,0.0,0.0,0.0017,0.0,0.0,0.9633
Other Vegetables,0.0005,0.00218,100,0.72,0.005,0.001,0.0,0.47,0.0,0.29,0.0,0.01252,0.00163,0.00085,0.00122,50.78,2.54,0.0,0.0,0.0,0.0,0.0,0.0,0.00096,0.104,0.0,0.0,0.0,0.0,0.25,0.0009299999999999,0.0095,0.24,0.00244,0.59,2.12,0.004,0.0045,0.0333,0.0014299999999999,0.00225,0.0035299999999999,0.0003,0.00455,0.00121,0.00085,0.0,0.00162,0.00221,0.00198,0.0004,0.00139,0.00082,0.00158,0.00133,0.00034,0.00086,0.0017399999999999,0.1347,0.04,0.0,0.0,0.0,0.0,0.0,0.0,0.0,0.0052,0.00098,0.00031,0.0023499999999999,0.0,0.0,0.006,0.0,0.0,0.8208
Mandarin Orange,0.0003,0.00146,100,0.53,0.003,0.0,0.0,0.02,0.102,0.16,0.0,0.00376,0.00216,0.0003599999999999,0.00058,6.81,0.34,1.01,1.55,4.07,1.38,0.0,0.0,0.00078,0.267,0.0,0.002,0.002,0.0,0.37,0.00042,0.0015,0.12,0.00039,0.2,1.66,0.001,0.0007,0.0081,0.00028,0.00068,0.00129,2e-05,0.00061,0.0001899999999999,0.0001099999999999,0.0,0.00017,0.00028,0.00032,2e-05,0.0001799999999999,0.00074,0.00033,0.00016,2e-05,0.00015,0.00021,0.1334,0.018,0.1058,0.024,0.0,0.0213,0.0,0.0,0.0605,0.0031,0.00039,0.0006,0.00065,0.0,0.0,0.0038,0.0,0.0,0.8517
Bananas,0.0007999999999999,0.00148,100,0.89,0.003,0.001,0.0,0.01,0.098,0.2,0.0,0.00665,0.00334,0.00073,0.00031,0.64,0.03,0.25,0.26,0.0,0.22,0.0,0.0,0.00367,0.087,0.0,0.001,0.001,0.005,0.05,0.00078,0.0026,0.27,0.0027,0.22,3.58,0.01,0.0015,0.0109,0.0004,0.00049,0.00124,8.999999999999999e-05,0.0015199999999999,0.0003799999999999,0.00077,0.0,0.00028,0.00068,0.0005,8e-05,0.00049,0.00028,0.0004,0.00028,8.999999999999999e-05,8.999999999999999e-05,0.00047,0.2284,0.026,0.1223,0.0484999999999999,0.0,0.0498,0.0,0.0001,0.0239,0.0033,0.00112,0.00032,0.00073,0.0,0.0,0.0081999999999999,0.0,0.0,0.7491
Apples,0.0003,0.00492,100,0.25,0.003,0.0,0.0,0.0,0.0,0.0,0.0,0.008,0.0,0.0003,0.0002,3.39,0.17,0.0,0.0,0.0,0.0,0.0,0.0,0.0,0.223,0.0,0.0,0.0,0.0,0.29,0.00016,0.0007,0.05,0.00029,0.08,1.23,0.0,0.0006,0.006,0.0,0.0,0.0,0.0,0.0,0.0,0.0,0.0,0.0,0.0,0.0,0.0,0.0,0.0,0.0,0.0,0.0,0.0,0.0,0.057,0.0,0.0,0.0,0.0,0.0,0.0,0.0,0.0,0.003,0.0,0.0,0.0,0.0,0.0,0.004,0.0,0.0,0.93
Berries & Grapes,0.0011,0.00425,100,0.67,0.004,0.001,0.0,0.02,0.0559999999999999,0.04,0.0,0.003,0.00024,0.00057,0.00092,1.0,0.05,0.01,0.59,0.0,0.72,0.0,0.0,0.0011,0.04,0.0,0.0019,0.0019,0.146,0.14,0.0004,0.0029,0.05,0.00718,0.1,1.91,0.001,0.0004,0.0063,0.00026,0.00046,0.00077,0.0001,0.00131,0.0001899999999999,0.00023,0.0,5e-05,0.00013,0.00014,0.00021,0.00013,0.00021,0.0003,0.00017,3e-05,0.0001099999999999,0.00017,0.1714999999999999,0.009,0.1625,0.0,0.0,0.0,0.0,0.0,0.0,0.0034999999999999,0.00114,0.00014,0.0010199999999999,0.0,0.0,0.0056999999999999,0.0,0.0,0.813
Wine,0.0014,0.00872,100,0.49,0.0,0.0,0.0,0.07,0.05,0.01,0.0,0.001,0.0,0.0001,0.0,0.0,0.0,0.0,0.0,0.0,0.0,0.0,0.0,0.0002,0.0,0.0,0.0,0.0,0.0,0.09,0.0001099999999999,0.004,0.1,0.0,0.15,0.88,0.002,0.0008,0.0007,0.0,0.0,0.0,0.0,0.0,0.0,0.0,0.0,0.0,0.0,0.0,0.0,0.0,0.0,0.0,0.0,0.0,0.0,0.0,0.0116999999999999,0.0,0.0115,0.0,0.0,0.0,0.0,0.0,0.0,0.0,0.0,0.0,0.0,0.0,0.064,0.0013,0.0,0.0,0.9223
Melon,0.0007,0.00092,100,0.34,0.002,0.001,0.0,0.16,0.076,0.21,0.0,0.00734,0.00105,0.0001899999999999,0.00041,33.82,1.69,0.16,20.2,0.01,0.26,0.0,0.0,0.0007199999999999,0.367,0.0,0.0005,0.0005,0.025,0.09,0.00041,0.0021,0.12,0.00041,0.15,2.67,0.004,0.0018,0.0084,0.00095,0.00029,0.00136,2e-05,0.00209,0.00026,0.00015,0.0,0.00021,0.00029,0.0003,0.00012,0.00023,0.0001899999999999,0.00042,0.00017,2e-05,0.00014,0.00033,0.0816,0.009,0.0786,0.0187,0.0006,0.0154,0.0,0.0004,0.0435,0.0019,0.0005099999999999,3e-05,0.00081,0.0,0.0,0.0065,0.0,0.0,0.9015
Coffee,0.0165,0.00729,100,0.02,0.0,0.0,0.0,0.01,0.0,0.0,0.0,0.008,0.0,0.0,0.0002,0.0,0.0,0.0,0.0,0.0,0.0,0.0,0.0,0.0,0.0,0.0,0.0,0.0,0.0,0.02,5e-05,0.0002,0.04,0.00032,0.03,0.5,0.0,0.0002,0.003,0.0,0.0,0.0,0.0,0.0,0.0,0.0,0.0,0.0,0.0,0.0,0.0,0.0,0.0,0.0,0.0,0.0,0.0,0.0,0.0023,0.0,0.0,0.0,0.0,0.0,0.0,0.0,0.0,0.0,0.0,0.0,0.0,0.0,0.0,0.0,0.0,0.0,0.9947
Dark Chocolate,0.0186999999999999,0.00973,100,5.56,0.32,0.0,0.05,0.06,0.0,0.0,0.0,0.0,0.0,0.0001,0.0,0.0,0.0,0.0,0.0,0.0,0.0,0.0,0.0,0.0,0.0,0.0,0.0,0.0,0.0,0.3,0.0002,0.0213,0.31,0.0,0.51,5.02,0.003,0.0001,0.0554,0.0,0.0,0.0,0.0,0.0,0.0,0.0,0.0,0.0,0.0,0.0,0.0,0.0,0.0,0.0,0.0,0.0,0.0,0.0,0.6049,0.065,0.4756,0.0,0.0,0.0,0.0,0.0,0.0,0.324,0.0,0.0513999999999999,0.0044,0.05,0.0,0.0067,0.0,0.0,0.009
Beef (beef herd),0.0596,0.01593,100,1.98,0.13,0.053,0.62,0.68,0.674,0.06,0.0,0.0481799999999999,0.0057599999999999,0.00154,0.00049,0.0,0.0,0.0,0.0,0.0,0.0,0.0,0.0197,0.0035499999999999,0.0,0.0,0.0034999999999999,0.0034999999999999,0.011,0.12,0.00063,0.0199,0.19,0.0001,1.75,2.89,0.142,0.0455,0.1942,0.0,0.0,0.0,0.0,0.0,0.0,0.0,0.0,0.0,0.0,0.0,0.0,0.0,0.0,0.0,0.0,0.0,0.0,0.0,0.0,0.0,0.0,0.0,0.0,0.0,0.0,0.0,0.0,0.1273,0.05335,0.048,0.00532,0.62,0.0,0.0171,0.0,0.0,0.6713
Beef (dairy herd),0.0211,0.01593,100,1.98,0.13,0.053,0.62,0.68,0.674,0.06,0.0,0.0481799999999999,0.0057599999999999,0.00154,0.00049,0.0,0.0,0.0,0.0,0.0,0.0,0.0,0.0197,0.0035499999999999,0.0,0.0,0.0034999999999999,0.0034999999999999,0.011,0.12,0.00063,0.0199,0.19,0.0001,1.75,2.89,0.142,0.0455,0.1942,0.0,0.0,0.0,0.0,0.0,0.0,0.0,0.0,0.0,0.0,0.0,0.0,0.0,0.0,0.0,0.0,0.0,0.0,0.0,0.0,0.0,0.0,0.0,0.0,0.0,0.0,0.0,0.0,0.1273,0.05335,0.048,0.00532,0.62,0.0,0.0171,0.0,0.0,0.6713
Lamb & Mutton,0.0245,0.009089999999999999,100,2.83,0.2,0.081,0.97,0.81,0.934,0.19,0.0,0.067,0.0066,0.0025,0.001,0.0,0.0,0.0,0.0,0.0,0.0,0.0,0.0260999999999999,0.0014,0.0,0.02,0.0014,0.0014,0.053,0.22,0.00128,0.0179,0.24,0.00024,2.01,3.39,0.2769999999999999,0.0467,0.2475,0.0148799999999999,0.0147,0.02178,0.00295,0.03591,0.01209,0.00784,0.0,0.01194,0.01925,0.02186,0.00635,0.01008,0.01038,0.0092,0.0105899999999999,0.0028899999999999,0.00832,0.0133499999999999,0.0,0.0,0.0,0.0,0.0,0.0,0.0,0.0,0.0,0.1964999999999999,0.0812,0.0832,0.0139999999999999,0.97,0.0,0.0113999999999999,0.0,0.0,0.5509000000000001
Pork,0.0072,0.00239,100,2.97,0.21,0.077,0.94,0.73,0.883,0.06,0.0,0.04206,0.0052,0.0022,0.0070599999999999,0.08,0.02,0.0,0.0,0.0,0.0,0.0,0.0054,0.00391,0.0069999999999999,0.21,0.0021,0.0021,0.0,0.22,0.0004399999999999,0.0129,0.24,0.0001099999999999,2.26,3.62,0.354,0.0321,0.2569,0.01497,0.0159699999999999,0.02383,0.00328,0.04022,0.0121999999999999,0.01026,0.0,0.01203,0.02061,0.0231,0.0068,0.0102499999999999,0.01032,0.01061,0.01173,0.00326,0.00895,0.01394,0.0,0.0,0.0,0.0,0.0,0.0,0.0,0.0,0.0,0.2077,0.0771999999999999,0.0925,0.0187,0.94,0.0,0.0129,0.0,0.0,0.5275
Chicken Meat,0.0061,0.00553,100,1.43,0.081,0.023,0.86,0.6,0.588,0.01,0.0,0.05575,0.01092,0.00241,0.00109,0.0,0.0,0.0,0.0,0.0,0.0,0.0,0.0056,0.00512,0.0,0.0,0.0027,0.0027,0.008,0.06,0.00065,0.0081999999999999,0.21,0.00016,1.78,5.22,0.102,0.0147,0.1744,0.00991,0.0112799999999999,0.01616,0.00188,0.02611,0.00838,0.00529,0.00094,0.00794,0.01361,0.01509,0.00446,0.00683,0.00658,0.00731,0.0072699999999999,0.00147,0.00604,0.00826,0.0004,0.0,0.0,0.0,0.0,0.0,0.0,0.0,0.0,0.081,0.02301,0.03611,0.01508,0.86,0.0,0.0116999999999999,0.0,0.0,0.7323999999999999
Milk,0.0028,0.00537,100,0.61,0.035,0.022,0.14,0.03,0.16,0.05,0.0,0.00043,0.0030399999999999,0.00105,0.0002,1.05,0.29,0.0,0.07,0.0,0.0,0.0,0.0036,0.00034,0.009,0.51,0.0008,0.0008,0.003,1.01,0.0001,0.0005,0.05,4e-05,0.86,2.53,0.02,0.0038,0.031,0.00107,0.00112,0.0023499999999999,0.00029,0.00649,0.00066,0.00084,0.0,0.00188,0.0030399999999999,0.00246,0.00078,0.0015,0.003,0.00169,0.0014,0.0004399999999999,0.0015,0.00207,0.0446,0.0,0.0446,0.0,0.0,0.0,0.0,0.0,0.0,0.0346,0.02154,0.00999,0.00128,0.14,0.0,0.0078,0.0,0.0,0.882
Cheese,0.0212,0.00431,100,4.04,0.33,0.19,0.99,6.53,0.165,0.27,0.0,0.0005899999999999,0.0040999999999999,0.00428,0.00029,12.42,3.3,0.0,0.85,0.0,0.0,0.0,0.011,0.00066,0.0,0.24,0.0070999999999999,0.0070999999999999,0.024,7.1,0.0003,0.0014,0.27,0.00027,4.55,0.76,0.285,0.0364,0.2287,0.00751,0.00547,0.01734,0.00123,0.04735,0.00547,0.00547,0.0,0.01206,0.01939,0.0102499999999999,0.00547,0.01074,0.02497,0.0078,0.01044,0.00547,0.01108,0.0140399999999999,0.0308999999999999,0.0,0.0048,0.0,0.001,0.0026,0.0012,0.0,0.0,0.3331,0.18867,0.09246,0.01421,0.99,0.0,0.0371,0.0,0.0,0.3702
Eggs,0.0045,0.004940000000000001,100,1.31,0.0559999999999999,0.011,2.77,1.62,2.557,0.17,0.0,0.0009,0.0,0.003,0.0001,4.1,0.21,0.0,2.46,0.0,0.0,0.0,0.0017,0.0001,0.0,0.72,0.0084,0.0084,0.018,0.17,0.0003,0.0023,0.1,0.0,0.3,1.47,0.2289999999999999,0.0014,0.131,0.0,0.0,0.0,0.0,0.0,0.0,0.0,0.0,0.0,0.0,0.0,0.0,0.0,0.0,0.0,0.0,0.0,0.0,0.0,0.075,0.0,0.075,0.0,0.0,0.0,0.0,0.0,0.0,0.0559999999999999,0.01052,0.02339,0.01778,2.77,0.0,0.011,0.0,0.0,0.727
Fish (farmed),0.0050999999999999,0.00936,100,0.74,0.005,0.001,0.54,2.13,0.65,0.12,0.0,0.03363,0.00403,0.00057,0.0002,0.57,0.17,0.0,0.0,0.0,0.0,0.0,0.0183,0.00281,0.0,0.18,0.0045,0.0045,0.001,0.11,0.00021,0.0017,0.21,0.0001099999999999,2.27,2.86,0.259,0.0032,0.1632,0.01143,0.01131,0.01936,0.00203,0.02822,0.00908,0.00557,0.0,0.00871,0.01537,0.01736,0.0056,0.00738,0.00669,0.00771,0.0082899999999999,0.00212,0.00638,0.00974,0.0,0.0,0.0,0.0,0.0,0.0,0.0,0.0,0.0,0.0045,0.00091,0.00061,0.00166,0.54,0.0,0.0128,0.0,0.0,0.8338
Shrimps (farmed),0.0118,0.01455,100,1.01,0.015,0.003,0.36,7.05,0.0,0.02,0.0,0.0017,0.0007,0.00034,0.00024,0.66,0.2,0.0,0.0,0.0,0.0,0.0,0.016,0.0003,0.0,0.0,0.0,0.0,0.0,0.19,0.00032,0.006,0.43,0.0001099999999999,2.82,0.89,0.2289999999999999,0.0033,0.1239,0.0072699999999999,0.00823,0.01239,0.00133,0.01956,0.0048,0.0028499999999999,0.0,0.00579,0.00981,0.0113199999999999,0.0042,0.00486,0.00462,0.00541,0.00599,0.00075,0.00499,0.00628,0.0913,0.0,0.0,0.0,0.0,0.0,0.0,0.0,0.0,0.0147,0.0029,0.0022,0.0075,0.36,0.0,0.0210999999999999,0.0,0.0,0.7491
