Food product,Land use change,Animal Feed,Farm,Processing,Transport,Packging,Retail,Total_emissions,Eutrophying emissions per 1000kcal (gPO₄eq per 1000kcal),Eutrophying emissions per kilogram (gPO₄eq per kilogram),Eutrophying emissions per 100g protein (gPO₄eq per 100 grams protein),Freshwater withdrawals per 1000kcal (liters per 1000kcal),Freshwater withdrawals per 100g protein (liters per 100g protein),Freshwater withdrawals per kilogram (liters per kilogram),Greenhouse gas emissions per 1000kcal (kgCO₂eq per 1000kcal),Greenhouse gas emissions per 100g protein (kgCO₂eq per 100g protein),Land use per 1000kcal (m² per 1000kcal),Land use per kilogram (m² per kilogram),Land use per 100g protein (m² per 100g protein),Scarcity-weighted water use per kilogram (liters per kilogram),Scarcity-weighted water use per 100g protein (liters per 100g protein),Scarcity-weighted water use per 1000kcal (liters per 1000 kilocalories),Matched_food_product,name,serving_size,calories,total_fat,saturated_fat,cholesterol,sodium,choline,folate,folic_acid,niacin,pantothenic_acid,riboflavin,thiamin,vitamin_a,vitamin_a_rae,carotene_alpha,carotene_beta,cryptoxanthin_beta,lutein_zeaxanthin,lucopene,vitamin_b12,vitamin_b6,vitamin_c,vitamin_d,vitamin_e,tocopherol_alpha,vitamin_k,calcium,copper,irom,magnesium,manganese,phosphorous,potassium,selenium,zink,protein,alanine,arginine,aspartic_acid,cystine,glutamic_acid,glycine,histidine,hydroxyproline,isoleucine,leucine,lysine,methionine,phenylalanine,proline,serine,threonine,tryptophan,tyrosine,valine,carbohydrate,fiber,sugars,fructose,galactose,glucose,lactose,maltose,sucrose,fat,saturated_fatty_acids,monounsaturated_fatty_acids,polyunsaturated_fatty_acids,fatty_acids_total_trans,alcohol,ash,caffeine,theobromine,water
Wheat & Rye (Bread),0.1,0.0,0.8,0.2,0.1,0.1,0.1,1.4000000000000004,0.0,0.0,0.0,0.0,0.0,0.0,0.0,0.0,0.0,0.0,0.0,0.0,0.0,0.0,"Bread, wheat",0.0,100,267,3.2,0.8,0,508.0,18.7,85.0,20.0,5.62,0.0,0.253,0.415,2.0,0.0,0.0,1.0,0.0,44.0,0,0.0,0.111,0.2,0.0,0.19,0.19,4.9,133.0,0.159,3.49,45.0,1.177,149.0,177.0,28.8,1.19,10.72,0.0,0.0,0.0,0.0,0.0,0.0,0.0,0.0,0.0,0.0,0.0,0.0,0.0,0.0,0.0,0.0,0.0,0.0,0.0,48.68,4.0,5.91,2.45,0.0,1.78,0.0,1.68,0.0,3.24,0.777,0.607,1.499,0.0,0.0,2.16,0.0,0.0,35.2
Maize (Meal),0.3,0.0,0.5,0.1,0.1,0.1,0.0,1.1,0.0,0.0,0.0,0.0,0.0,0.0,0.0,0.0,0.0,0.0,0.0,0.0,0.0,0.0,Barley flour or meal,0.0,100,345,1.6,0.3,0,4.0,37.8,8.0,0.0,6.269,0.145,0.114,0.37,0.0,0.0,0.0,0.0,0.0,160.0,0,0.0,0.396,0.0,0.0,0.57,0.57,2.2,32.0,0.343,2.68,96.0,1.034,296.0,309.0,37.7,2.0,10.5,0.409,0.526,0.655,0.232,2.741,0.38,0.236,0.0,0.383,0.713,0.391,0.202,0.589,1.247,0.443,0.356,0.175,0.301,0.515,74.52,10.1,0.8,0.0,0.0,0.0,0.0,0.0,0.0,1.6,0.335,0.205,0.771,0.0,0.0,1.28,0.0,0.0,12.11
Barley (Beer),0.0,0.0,0.2,0.1,0.0,0.5,0.3,1.1,0.0,0.0,0.0,0.0,0.0,0.0,0.0,0.0,0.0,0.0,0.0,0.0,0.0,0.0,"Alcoholic beverage, BUDWEISER, regular, beer",0.0,100,41,0.0,0.0,0,0.0,0.0,0.0,0.0,0.0,0.0,0.0,0.0,0.0,0.0,0.0,0.0,0.0,0.0,0,0.0,0.0,0.0,0.0,0.0,0.0,0.0,0.0,0.0,0.0,0.0,0.0,0.0,0.0,0.0,0.0,0.36,0.0,0.0,0.0,0.0,0.0,0.0,0.0,0.0,0.0,0.0,0.0,0.0,0.0,0.0,0.0,0.0,0.0,0.0,0.0,2.97,0.0,0.0,0.0,0.0,0.0,0.0,0.0,0.0,0.0,0.0,0.0,0.0,0.0,3.9,0.11,0.0,0.0,92.77
Oats,0.0,0.0,1.4,0.0,0.1,0.1,0.0,1.6,4.281357225,11.23,8.638461538,183.9115517,371.0769231,482.4,0.945482272,1.907692308,2.897445673,7.6,5.846153846,18786.2,14450.92308,7162.104461,Oats,0.0,100,389,6.9,1.2,0,2.0,0.0,56.0,0.0,0.961,1.349,0.139,0.763,0.0,0.0,0.0,0.0,0.0,0.0,0,0.0,0.119,0.0,0.0,0.0,0.0,0.0,54.0,0.626,4.72,177.0,4.916,523.0,429.0,0.0,3.97,16.89,0.881,1.192,1.448,0.408,3.712,0.841,0.405,0.0,0.694,1.284,0.701,0.312,0.895,0.934,0.75,0.575,0.234,0.573,0.937,66.27,10.6,0.0,0.0,0.0,0.0,0.0,0.0,0.0,6.9,1.217,2.178,2.535,0.0,0.0,1.72,0.0,0.0,8.22
Rice,0.0,0.0,3.6,0.1,0.1,0.1,0.1,4.0,9.51437873,35.07,49.3943662,609.9837222,3166.760563,2248.4,1.207270754,6.267605634,0.7596310359999999,2.8,3.943661972,49576.3,69825.77465,13449.891480000002,"Wild rice, raw",0.0,100,357,1.1,0.2,0,7.0,35.0,95.0,0.0,6.733,1.074,0.262,0.115,19.0,1.0,0.0,11.0,0.0,220.0,0,0.0,0.391,0.0,0.0,0.82,0.82,1.9,21.0,0.524,1.96,177.0,1.329,433.0,427.0,2.8,5.96,14.73,0.825,1.136,1.419,0.174,2.565,0.672,0.384,0.0,0.618,1.018,0.629,0.438,0.721,0.519,0.778,0.469,0.179,0.622,0.858,74.9,6.2,2.5,0.0,0.0,0.0,0.0,0.0,0.67,1.08,0.156,0.159,0.676,0.0,0.0,1.53,0.0,0.0,7.76
Potatoes,0.0,0.0,0.2,0.0,0.1,0.0,0.0,0.3,4.7540983610000005,3.48,20.47058824,80.73770492,347.6470588,59.1,0.628415301,2.705882353,1.202185792,0.88,5.176470588,2754.2,16201.17647,3762.568306,"Potatoes, skin, raw",0.0,100,58,0.1,0.0,0,10.0,0.0,17.0,0.0,1.033,0.302,0.038,0.021,0.0,0.0,0.0,0.0,0.0,0.0,0,0.0,0.239,11.4,0.0,0.0,0.0,0.0,30.0,0.423,3.24,23.0,0.602,38.0,413.0,0.3,0.35,2.57,0.0,0.0,0.0,0.0,0.0,0.0,0.0,0.0,0.0,0.0,0.0,0.0,0.0,0.0,0.0,0.0,0.0,0.0,0.0,12.44,2.5,0.0,0.0,0.0,0.0,0.0,0.0,0.0,0.1,0.026,0.002,0.043,0.0,0.0,1.61,0.0,0.0,83.29
Cassava,0.6,0.0,0.2,0.0,0.1,0.0,0.0,0.9,0.708418891,0.69,7.666666667,0.0,0.0,0.0,1.35523614,14.66666667,1.858316222,1.81,20.11111111,0.0,0.0,0.0,"Cassava, raw",0.0,100,160,0.3,0.1,0,14.0,23.7,27.0,0.0,0.854,0.107,0.048,0.087,13.0,1.0,0.0,8.0,0.0,0.0,0,0.0,0.088,20.6,0.0,0.19,0.19,1.9,16.0,0.1,0.27,21.0,0.384,27.0,271.0,0.7,0.34,1.36,0.038,0.137,0.079,0.028,0.206,0.028,0.02,0.0,0.027,0.039,0.044,0.011,0.026,0.033,0.033,0.028,0.019,0.017,0.035,38.06,1.8,1.7,0.0,0.0,0.0,0.0,0.0,0.0,0.28,0.074,0.075,0.048,0.0,0.0,0.62,0.0,0.0,59.68
Cane Sugar,1.2,0.0,0.5,0.0,0.8,0.1,0.0,2.6,4.820512821,16.92,0.0,176.66666669999998,0.0,620.1,0.911680912,0.0,0.581196581,2.04,0.0,16438.6,0.0,4683.361822999999,"Sugar, turbinado",0.0,100,399,0.0,0.0,0,0.0,0.0,0.0,0.0,0.0,0.0,0.0,0.0,0.0,0.0,0.0,0.0,0.0,0.0,0,0.0,0.0,0.0,0.0,0.0,0.0,0.0,0.0,0.0,0.0,0.0,0.0,0.0,0.0,0.0,0.0,0.0,0.0,0.0,0.0,0.0,0.0,0.0,0.0,0.0,0.0,0.0,0.0,0.0,0.0,0.0,0.0,0.0,0.0,0.0,0.0,99.8,0.0,99.19,0.0,0.0,0.0,0.0,0.0,99.19,0.0,0.0,0.0,0.0,0.0,0.0,0.17,0.0,0.0,0.03
Beet Sugar,0.0,0.0,0.5,0.2,0.6,0.1,0.0,1.4,1.541310541,5.41,0.0,62.02279202,0.0,217.7,0.515669516,0.0,0.5213675210000001,1.83,0.0,9493.3,0.0,2704.643875,"Sugar, turbinado",0.0,100,399,0.0,0.0,0,0.0,0.0,0.0,0.0,0.0,0.0,0.0,0.0,0.0,0.0,0.0,0.0,0.0,0.0,0,0.0,0.0,0.0,0.0,0.0,0.0,0.0,0.0,0.0,0.0,0.0,0.0,0.0,0.0,0.0,0.0,0.0,0.0,0.0,0.0,0.0,0.0,0.0,0.0,0.0,0.0,0.0,0.0,0.0,0.0,0.0,0.0,0.0,0.0,0.0,0.0,99.8,0.0,99.19,0.0,0.0,0.0,0.0,0.0,99.19,0.0,0.0,0.0,0.0,0.0,0.0,0.17,0.0,0.0,0.03
Beans,0.0,0.0,1.1,0.0,0.1,0.4,0.0,1.6,5.008797653999999,17.08,7.97758057,0.0,203.503036,435.7,0.524926686,0.836057917,4.565982405,15.57,7.272302662,22477.4,10498.55208,0.0,"Beans, raw, mature seeds, pinto",0.0,100,347,1.2,0.2,0,12.0,66.2,525.0,0.0,1.174,0.785,0.212,0.713,0.0,0.0,0.0,0.0,0.0,0.0,0,0.0,0.474,6.3,0.0,0.21,0.21,5.6,113.0,0.893,5.07,176.0,1.148,411.0,1393.0,27.9,2.28,21.42,0.872,1.096,2.268,0.187,3.027,0.796,0.556,0.0,0.871,1.558,1.356,0.259,1.095,1.072,1.171,0.81,0.237,0.427,0.998,62.55,15.5,2.11,0.0,0.0,0.13,0.0,0.0,1.98,1.23,0.235,0.229,0.407,0.0,0.0,3.46,0.0,0.0,11.33
Peas,0.0,0.0,0.7,0.0,0.1,0.0,0.0,0.7999999999999999,2.173410405,7.52,3.384338434,0.0,178.48784880000002,396.6,0.2832369939999999,0.441044104,2.156069364,7.46,3.357335734,27948.2,12577.94779,0.0,"Peas, raw, green",0.0,100,81,0.4,0.1,0,5.0,28.4,65.0,0.0,2.09,0.104,0.132,0.266,765.0,38.0,21.0,449.0,0.0,2477.0,0,0.0,0.169,40.0,0.0,0.13,0.13,24.8,25.0,0.176,1.47,33.0,0.41,108.0,244.0,1.8,1.24,5.42,0.24,0.428,0.496,0.032,0.741,0.184,0.107,0.0,0.195,0.323,0.317,0.082,0.2,0.173,0.181,0.203,0.037,0.114,0.235,14.45,5.7,5.67,0.39,0.0,0.12,0.0,0.17,4.99,0.4,0.071,0.035,0.187,0.0,0.0,0.87,0.0,0.0,78.86
Nuts,-2.1,0.0,2.1,0.0,0.1,0.1,0.0,0.2,3.113821138,19.15,11.72688304,672.1626016,2531.414574,4133.8,0.069918699,0.263319045,2.107317073,12.96,7.936313533,229889.8,140777.5873,37380.45528,"Nuts, pecans",0.0,100,691,72.0,6.2,0,0.0,40.5,22.0,0.0,1.167,0.863,0.13,0.66,56.0,3.0,0.0,29.0,9.0,17.0,0,0.0,0.21,1.1,0.0,1.4,1.4,3.5,70.0,1.2,2.53,121.0,4.5,277.0,410.0,3.8,4.53,9.17,0.397,1.177,0.929,0.152,1.829,0.453,0.262,0.0,0.336,0.598,0.287,0.183,0.426,0.363,0.474,0.306,0.093,0.215,0.411,13.86,9.6,3.97,0.04,0.0,0.04,0.0,0.0,3.9,71.97,6.18,40.801,21.614,0.0,0.0,1.49,0.0,0.0,3.52
Peanuts,0.4,0.0,1.4,0.4,0.1,0.1,0.0,2.4,2.437931034,14.14,5.401069519,319.362069,707.5248281,1852.3,0.556896552,1.233766234,1.570689655,9.11,3.479755539,61797.9,23605.00382,10654.81034,"Peanuts, raw, all types",0.0,100,567,49.0,6.3,0,18.0,52.5,240.0,0.0,12.066,1.767,0.135,0.64,0.0,0.0,0.0,0.0,0.0,0.0,0,0.0,0.348,0.0,0.0,8.33,8.33,0.0,92.0,1.144,4.58,168.0,1.934,376.0,705.0,7.2,3.27,25.8,1.025,3.085,3.146,0.331,5.39,1.554,0.652,0.0,0.907,1.672,0.926,0.317,1.377,1.138,1.271,0.883,0.25,1.049,1.082,16.13,8.5,4.72,0.0,0.0,0.0,0.0,0.0,0.0,49.24,6.279,24.426,15.558,0.0,0.0,2.33,0.0,0.0,6.5
Soymilk,0.2,0.0,0.1,0.2,0.1,0.1,0.3,1.0,0.0,1.06,0.0,0.0,0.0,27.8,0.0,0.0,0.0,0.66,0.0,955.6,0.0,0.0,"SILK Plain, soymilk",0.0,100,41,1.7,0.2,0,49.0,0.0,10.0,0.0,0.0,0.0,0.21,0.0,206.0,0.0,0.0,0.0,0.0,0.0,0,1.23,0.0,0.0,49.0,0.0,0.0,0.0,123.0,0.0,0.44,16.0,0.0,0.0,123.0,2.3,0.25,2.88,0.0,0.0,0.0,0.0,0.0,0.0,0.0,0.0,0.0,0.0,0.0,0.0,0.0,0.0,0.0,0.0,0.0,0.0,0.0,3.29,0.4,2.47,0.0,0.0,0.0,0.0,0.0,0.0,1.65,0.206,0.0,0.0,0.0,0.0,0.65,0.0,0.0,91.53
Tofu,1.0,0.0,0.5,0.8,0.2,0.2,0.3,3.0,0.0,0.0,0.0,0.0,0.0,0.0,0.0,0.0,0.0,0.0,0.0,0.0,0.0,0.0,HOUSE FOODS Premium Firm Tofu,0.0,100,85,4.2,0.7,0,33.0,0.0,0.0,0.0,0.0,0.0,0.0,0.0,0.0,0.0,0.0,0.0,0.0,0.0,0,0.0,0.0,1.1,0.0,0.0,0.0,0.0,149.0,0.0,1.69,0.0,0.0,0.0,0.0,0.0,0.0,10.92,0.0,0.0,0.0,0.0,0.0,0.0,0.0,0.0,0.0,0.0,0.0,0.0,0.0,0.0,0.0,0.0,0.0,0.0,0.0,0.97,0.9,0.4,0.0,0.0,0.0,0.0,0.0,0.0,4.19,0.71,0.97,2.51,0.0,0.0,1.05,0.0,0.0,82.87
Soybean Oil,3.1,0.0,1.5,0.3,0.3,0.8,0.0,5.999999999999999,0.0,11.69,0.0,0.0,0.0,414.6,0.0,0.0,0.0,10.52,0.0,14888.2,0.0,0.0,"Oil, soybean lecithin",0.0,100,763,100.0,15.0,0,0.0,350.0,0.0,0.0,0.0,0.0,0.0,0.0,0.0,0.0,0.0,0.0,0.0,0.0,0,0.0,0.0,0.0,0.0,8.18,8.18,183.9,0.0,0.0,0.0,0.0,0.0,0.0,0.0,0.0,0.0,0.0,0.0,0.0,0.0,0.0,0.0,0.0,0.0,0.0,0.0,0.0,0.0,0.0,0.0,0.0,0.0,0.0,0.0,0.0,0.0,0.0,0.0,0.0,0.0,0.0,0.0,0.0,0.0,0.0,100.0,15.005,10.977,45.318,0.0,0.0,0.0,0.0,0.0,0.0
Palm Oil,3.1,0.0,2.1,1.3,0.2,0.9,0.0,7.6,1.207013575,10.67,0.0,0.7239819000000001,0.0,6.4,0.828054299,0.0,0.273755656,2.42,0.0,36.2,0.0,4.095022623999999,"Oil, palm",0.0,100,884,100.0,49.0,0,0.0,0.3,0.0,0.0,0.0,0.0,0.0,0.0,0.0,0.0,0.0,0.0,0.0,0.0,0,0.0,0.0,0.0,0.0,15.94,15.94,8.0,0.0,0.0,0.01,0.0,0.0,0.0,0.0,0.0,0.0,0.0,0.0,0.0,0.0,0.0,0.0,0.0,0.0,0.0,0.0,0.0,0.0,0.0,0.0,0.0,0.0,0.0,0.0,0.0,0.0,0.0,0.0,0.0,0.0,0.0,0.0,0.0,0.0,0.0,100.0,49.3,37.0,9.3,0.0,0.0,0.0,0.0,0.0,0.0
Sunflower Oil,0.1,0.0,2.1,0.2,0.2,0.9,0.0,3.5000000000000004,5.730769231,50.66,0.0,114.0158371,0.0,1007.9,0.407239819,0.0,1.997737557,17.66,0.0,36369.4,0.0,4114.18552,"Oil, corn and canola",0.0,100,884,100.0,8.0,0,0.0,0.2,0.0,0.0,0.0,0.0,0.0,0.0,0.0,0.0,0.0,0.0,0.0,0.0,0,0.0,0.0,0.0,0.0,14.84,14.84,42.2,0.0,0.0,0.0,0.0,0.0,0.0,0.0,0.0,0.0,0.0,0.0,0.0,0.0,0.0,0.0,0.0,0.0,0.0,0.0,0.0,0.0,0.0,0.0,0.0,0.0,0.0,0.0,0.0,0.0,0.0,0.0,0.0,0.0,0.0,0.0,0.0,0.0,0.0,100.0,8.026,58.537,29.113,0.0,0.0,0.0,0.0,0.0,0.0
Rapeseed Oil,0.2,0.0,2.3,0.2,0.2,0.8,0.0,3.7,2.17081448,19.19,0.0,26.88914027,0.0,237.7,0.426470588,0.0,1.202488688,10.63,0.0,10593.7,0.0,1198.382353,"Oil, grapeseed",0.0,100,884,100.0,9.6,0,0.0,0.0,0.0,0.0,0.0,0.0,0.0,0.0,0.0,0.0,0.0,0.0,0.0,0.0,0,0.0,0.0,0.0,0.0,28.8,28.8,0.0,0.0,0.0,0.0,0.0,0.0,0.0,0.0,0.0,0.0,0.0,0.0,0.0,0.0,0.0,0.0,0.0,0.0,0.0,0.0,0.0,0.0,0.0,0.0,0.0,0.0,0.0,0.0,0.0,0.0,0.0,0.0,0.0,0.0,0.0,0.0,0.0,0.0,0.0,100.0,9.6,16.1,69.9,0.0,0.0,0.0,0.0,0.0,0.0
Olive Oil,-0.4,0.0,4.3,0.7,0.5,0.9,0.0,6.0,4.214932127,37.26,0.0,242.2850679,0.0,2141.8,0.6131221720000001,0.0,2.976244344,26.31,0.0,177480.2,0.0,20076.9457,"Oil, salad or cooking, olive",0.0,100,884,100.0,14.0,0,2.0,0.3,0.0,0.0,0.0,0.0,0.0,0.0,0.0,0.0,0.0,0.0,0.0,0.0,0,0.0,0.0,0.0,0.0,14.35,14.35,60.2,1.0,0.0,0.56,0.0,0.0,0.0,1.0,0.0,0.0,0.0,0.0,0.0,0.0,0.0,0.0,0.0,0.0,0.0,0.0,0.0,0.0,0.0,0.0,0.0,0.0,0.0,0.0,0.0,0.0,0.0,0.0,0.0,0.0,0.0,0.0,0.0,0.0,0.0,100.0,13.808,72.961,10.523,0.0,0.0,0.0,0.0,0.0,0.0
Tomatoes,0.4,0.0,0.7,0.0,0.2,0.1,0.0,1.4,39.52631579,7.51,68.27272727,1946.315789,3361.818182,369.8,11.0,19.0,4.210526316,0.8,7.272727272999999,5335.7,48506.36364,28082.63158,"Tomatoes, raw, orange",0.0,100,16,0.2,0.0,0,42.0,0.0,29.0,0.0,0.593,0.186,0.034,0.046,1496.0,75.0,0.0,0.0,0.0,0.0,0,0.0,0.06,16.0,0.0,0.0,0.0,0.0,5.0,0.062,0.47,8.0,0.088,29.0,212.0,0.4,0.14,1.16,0.033,0.029,0.161,0.015,0.427,0.029,0.018,0.0,0.027,0.042,0.042,0.01,0.03,0.022,0.031,0.029,0.008,0.02,0.03,3.18,0.9,0.0,0.0,0.0,0.0,0.0,0.0,0.0,0.19,0.025,0.028,0.076,0.0,0.0,0.69,0.0,0.0,94.78
Onions & Leeks,0.0,0.0,0.2,0.0,0.1,0.0,0.0,0.3,8.756756757,3.24,24.92307692,38.64864865,110.0,14.3,1.351351351,3.846153846,1.054054054,0.39,3.0,932.0,7169.230769,2518.918919,"Onions, unprepared, chopped, frozen",0.0,100,29,0.1,0.0,0,12.0,0.0,17.0,0.0,0.151,0.102,0.027,0.03,35.0,2.0,0.0,0.0,0.0,0.0,0,0.0,0.075,3.3,0.0,0.0,0.0,0.0,17.0,0.019,0.33,7.0,0.074,22.0,124.0,0.4,0.07,0.79,0.022,0.106,0.043,0.014,0.127,0.033,0.013,0.0,0.028,0.028,0.038,0.007,0.02,0.025,0.023,0.019,0.011,0.02,0.018,6.82,1.8,0.0,0.0,0.0,0.0,0.0,0.0,0.0,0.1,0.017,0.014,0.039,0.0,0.0,0.3,0.0,0.0,91.99
Turnips,0.0,0.0,0.2,0.0,0.1,0.0,0.0,0.3,4.351351351,1.61,16.1,76.75675676,284.0,28.4,1.162162162,4.3,0.8918918920000001,0.33,3.3,929.2,9292.0,2511.351351,"Turnips, raw",0.0,100,28,0.1,0.0,0,67.0,11.1,15.0,0.0,0.4,0.2,0.03,0.04,0.0,0.0,0.0,0.0,0.0,0.0,0,0.0,0.09,21.0,0.0,0.03,0.03,0.1,30.0,0.085,0.3,11.0,0.134,27.0,191.0,0.7,0.27,0.9,0.035,0.024,0.063,0.005,0.13,0.025,0.014,0.0,0.036,0.033,0.036,0.011,0.017,0.026,0.029,0.025,0.009,0.013,0.03,6.43,1.8,3.8,0.0,0.0,0.0,0.0,0.0,0.0,0.1,0.011,0.006,0.053,0.0,0.0,0.7,0.0,0.0,91.87
Cabbage,0.0,0.0,0.3,0.0,0.1,0.0,0.0,0.4,29.47058824,5.01,45.54545455,702.3529412,1085.4545449999998,119.4,3.0,4.6363636360000005,3.235294118,0.55,5.0,8455.1,76864.54545,49735.88235,"Cabbage, cooked, napa",0.0,100,12,0.2,0.0,0,11.0,0.0,43.0,0.0,0.466,0.035,0.025,0.005,263.0,13.0,49.0,133.0,0.0,0.0,0,0.0,0.037,3.2,0.0,0.0,0.0,0.0,29.0,0.096,0.74,8.0,0.203,19.0,87.0,0.4,0.14,1.1,0.0,0.0,0.0,0.0,0.0,0.0,0.0,0.0,0.0,0.0,0.0,0.0,0.0,0.0,0.0,0.0,0.0,0.0,0.0,2.23,0.0,0.0,0.0,0.0,0.0,0.0,0.0,0.0,0.17,0.0,0.0,0.0,0.0,0.0,0.17,0.0,0.0,96.33
Other Vegetables,0.0,0.0,0.2,0.1,0.2,0.0,0.0,0.5,0.0,2.27,0.0,0.0,0.0,102.5,0.0,0.0,0.0,0.38,0.0,4911.4,0.0,0.0,"Vegetables, unprepared, frozen, mixed",0.0,100,72,0.5,0.1,0,47.0,0.0,29.0,0.0,1.252,0.163,0.085,0.122,5078.0,254.0,0.0,0.0,0.0,0.0,0,0.0,0.096,10.4,0.0,0.0,0.0,0.0,25.0,0.093,0.95,24.0,0.244,59.0,212.0,0.4,0.45,3.33,0.143,0.225,0.353,0.03,0.455,0.121,0.085,0.0,0.162,0.221,0.198,0.04,0.139,0.082,0.158,0.133,0.034,0.086,0.174,13.47,4.0,0.0,0.0,0.0,0.0,0.0,0.0,0.0,0.52,0.098,0.031,0.235,0.0,0.0,0.6,0.0,0.0,82.08
Mandarin Orange,-0.1,0.0,0.3,0.0,0.1,0.0,0.0,0.3,7.0,2.24,37.33333333,258.4375,1378.333333,82.7,1.21875,6.5,2.6875,0.86,14.33333333,4662.7,77711.66667,14570.9375,"Tangerines, raw, (mandarin oranges)",0.0,100,53,0.3,0.0,0,2.0,10.2,16.0,0.0,0.376,0.216,0.036,0.058,681.0,34.0,101.0,155.0,407.0,138.0,0,0.0,0.078,26.7,0.0,0.2,0.2,0.0,37.0,0.042,0.15,12.0,0.039,20.0,166.0,0.1,0.07,0.81,0.028,0.068,0.129,0.002,0.061,0.019,0.011,0.0,0.017,0.028,0.032,0.002,0.018,0.074,0.033,0.016,0.002,0.015,0.021,13.34,1.8,10.58,2.4,0.0,2.13,0.0,0.0,6.05,0.31,0.039,0.06,0.065,0.0,0.0,0.38,0.0,0.0,85.17
Bananas,0.0,0.0,0.3,0.1,0.3,0.1,0.0,0.7999999999999999,5.483333332999999,3.29,36.55555556,190.8333333,1272.222222,114.5,1.4333333330000002,9.555555556,3.216666667,1.93,21.44444444,661.9,7354.444444,1103.166667,"Bananas, raw",0.0,100,89,0.3,0.1,0,1.0,9.8,20.0,0.0,0.665,0.334,0.073,0.031,64.0,3.0,25.0,26.0,0.0,22.0,0,0.0,0.367,8.7,0.0,0.1,0.1,0.5,5.0,0.078,0.26,27.0,0.27,22.0,358.0,1.0,0.15,1.09,0.04,0.049,0.124,0.009,0.152,0.038,0.077,0.0,0.028,0.068,0.05,0.008,0.049,0.028,0.04,0.028,0.009,0.009,0.047,22.84,2.6,12.23,4.85,0.0,4.98,0.0,0.01,2.39,0.33,0.112,0.032,0.073,0.0,0.0,0.82,0.0,0.0,74.91
Apples,0.0,0.0,0.2,0.0,0.1,0.0,0.0,0.3,3.020833333,1.45,48.33333333,375.2083333,6003.333333,180.1,0.895833333,14.33333333,1.3125,0.63,21.0,12948.6,431620.0,26976.25,"Rose-apples, raw",0.0,100,25,0.3,0.0,0,0.0,0.0,0.0,0.0,0.8,0.0,0.03,0.02,339.0,17.0,0.0,0.0,0.0,0.0,0,0.0,0.0,22.3,0.0,0.0,0.0,0.0,29.0,0.016,0.07,5.0,0.029,8.0,123.0,0.0,0.06,0.6,0.0,0.0,0.0,0.0,0.0,0.0,0.0,0.0,0.0,0.0,0.0,0.0,0.0,0.0,0.0,0.0,0.0,0.0,0.0,5.7,0.0,0.0,0.0,0.0,0.0,0.0,0.0,0.0,0.3,0.0,0.0,0.0,0.0,0.0,0.4,0.0,0.0,93.0
Berries & Grapes,0.0,0.0,0.7,0.0,0.2,0.2,0.0,1.1,10.73684211,6.12,61.2,736.1403508999999,4196.0,419.6,2.684210526,15.3,4.228070175,2.41,24.1,21162.1,211621.0,37126.49123,"Grapes, raw, american type (slip skin)",0.0,100,67,0.4,0.1,0,2.0,5.6,4.0,0.0,0.3,0.024,0.057,0.092,100.0,5.0,1.0,59.0,0.0,72.0,0,0.0,0.11,4.0,0.0,0.19,0.19,14.6,14.0,0.04,0.29,5.0,0.718,10.0,191.0,0.1,0.04,0.63,0.026,0.046,0.077,0.01,0.131,0.019,0.023,0.0,0.005,0.013,0.014,0.021,0.013,0.021,0.03,0.017,0.003,0.011,0.017,17.15,0.9,16.25,0.0,0.0,0.0,0.0,0.0,0.0,0.35,0.114,0.014,0.102,0.0,0.0,0.57,0.0,0.0,81.3
Wine,-0.1,0.0,0.6,0.1,0.1,0.7,0.0,1.4,0.0,4.57,0.0,0.0,0.0,78.9,0.0,0.0,0.0,1.78,0.0,1149.3,0.0,0.0,"Alcoholic beverage, light, wine",0.0,100,49,0.0,0.0,0,7.0,5.0,1.0,0.0,0.1,0.0,0.01,0.0,0.0,0.0,0.0,0.0,0.0,0.0,0,0.0,0.02,0.0,0.0,0.0,0.0,0.0,9.0,0.011,0.4,10.0,0.0,15.0,88.0,0.2,0.08,0.07,0.0,0.0,0.0,0.0,0.0,0.0,0.0,0.0,0.0,0.0,0.0,0.0,0.0,0.0,0.0,0.0,0.0,0.0,0.0,1.17,0.0,1.15,0.0,0.0,0.0,0.0,0.0,0.0,0.0,0.0,0.0,0.0,0.0,6.4,0.13,0.0,0.0,92.23
Melon,0.1,0.0,0.4,0.0,0.2,0.0,0.0,0.7,0.0,2.43,0.0,0.0,0.0,153.5,0.0,0.0,0.0,0.89,0.0,9533.1,0.0,0.0,"Melons, raw, cantaloupe",0.0,100,34,0.2,0.1,0,16.0,7.6,21.0,0.0,0.734,0.105,0.019,0.041,3382.0,169.0,16.0,2020.0,1.0,26.0,0,0.0,0.072,36.7,0.0,0.05,0.05,2.5,9.0,0.041,0.21,12.0,0.041,15.0,267.0,0.4,0.18,0.84,0.095,0.029,0.136,0.002,0.209,0.026,0.015,0.0,0.021,0.029,0.03,0.012,0.023,0.019,0.042,0.017,0.002,0.014,0.033,8.16,0.9,7.86,1.87,0.06,1.54,0.0,0.04,4.35,0.19,0.051,0.003,0.081,0.0,0.0,0.65,0.0,0.0,90.15
Coffee,3.7,0.0,10.4,0.6,0.1,1.6,0.1,16.500000000000004,197.3571429,110.52,138.15,46.25,32.375,25.9,50.94642857,35.6625,38.60714286,21.62,27.025,337.0,421.25,601.7857142999999,"Beverages, breakfast blend, brewed, coffee",0.0,100,2,0.0,0.0,0,1.0,0.0,0.0,0.0,0.8,0.0,0.0,0.02,0.0,0.0,0.0,0.0,0.0,0.0,0,0.0,0.0,0.0,0.0,0.0,0.0,0.0,2.0,0.005,0.02,4.0,0.032,3.0,50.0,0.0,0.02,0.3,0.0,0.0,0.0,0.0,0.0,0.0,0.0,0.0,0.0,0.0,0.0,0.0,0.0,0.0,0.0,0.0,0.0,0.0,0.0,0.23,0.0,0.0,0.0,0.0,0.0,0.0,0.0,0.0,0.0,0.0,0.0,0.0,0.0,0.0,0.0,0.0,0.0,99.47
Dark Chocolate,14.3,0.0,3.7,0.2,0.1,0.4,0.0,18.7,16.84332689,87.08,174.16,104.5647969,1081.2,540.6,9.023210832,93.3,13.3384913,68.96,137.92,2879.2,5758.4,556.9052224,"Candies, SPECIAL DARK Chocolate Bar",0.0,100,556,32.0,0.0,5,6.0,0.0,0.0,0.0,0.0,0.0,0.01,0.0,0.0,0.0,0.0,0.0,0.0,0.0,0,0.0,0.0,0.0,0.0,0.0,0.0,0.0,30.0,0.02,2.13,31.0,0.0,51.0,502.0,0.3,0.01,5.54,0.0,0.0,0.0,0.0,0.0,0.0,0.0,0.0,0.0,0.0,0.0,0.0,0.0,0.0,0.0,0.0,0.0,0.0,0.0,60.49,6.5,47.56,0.0,0.0,0.0,0.0,0.0,0.0,32.4,0.0,5.14,0.44,5.0,0.0,0.67,0.0,0.0,0.9
Beef (beef herd),16.3,1.9,39.4,1.3,0.3,0.2,0.2,59.6,110.4065934,301.41,151.1584754,531.5750916000001,727.7833501,1451.2,36.43956044,49.88966901,119.4908425,326.21,163.5957874,34732.5,17418.50552,12722.52747,"Beef, raw, ground, grass-fed",0.0,100,198,13.0,5.3,62,68.0,67.4,6.0,0.0,4.818,0.576,0.154,0.049,0.0,0.0,0.0,0.0,0.0,0.0,0,1.97,0.355,0.0,0.0,0.35,0.35,1.1,12.0,0.063,1.99,19.0,0.01,175.0,289.0,14.2,4.55,19.42,0.0,0.0,0.0,0.0,0.0,0.0,0.0,0.0,0.0,0.0,0.0,0.0,0.0,0.0,0.0,0.0,0.0,0.0,0.0,0.0,0.0,0.0,0.0,0.0,0.0,0.0,0.0,0.0,12.73,5.335,4.8,0.532,62.0,0.0,1.71,0.0,0.0,67.13
Beef (dairy herd),0.9,2.5,15.7,1.1,0.4,0.3,0.2,21.1,133.8058608,365.29,185.0506586,994.2490842,1375.0253289999998,2714.3,12.1978022,16.86930091,15.83882784,43.24,21.9047619,119805.2,60691.59068,43884.68864,"Beef, raw, ground, grass-fed",0.0,100,198,13.0,5.3,62,68.0,67.4,6.0,0.0,4.818,0.576,0.154,0.049,0.0,0.0,0.0,0.0,0.0,0.0,0,1.97,0.355,0.0,0.0,0.35,0.35,1.1,12.0,0.063,1.99,19.0,0.01,175.0,289.0,14.2,4.55,19.42,0.0,0.0,0.0,0.0,0.0,0.0,0.0,0.0,0.0,0.0,0.0,0.0,0.0,0.0,0.0,0.0,0.0,0.0,0.0,0.0,0.0,0.0,0.0,0.0,0.0,0.0,0.0,0.0,12.73,5.335,4.8,0.532,62.0,0.0,1.71,0.0,0.0,67.13
Lamb & Mutton,0.5,2.4,19.5,1.1,0.5,0.3,0.2,24.5,30.64037855,97.13,48.54072964,568.7066246,900.9495252,1802.8,12.52996845,19.85007496,116.659306,369.81,184.8125937,141925.0,70927.03648,44771.29338,"Lamb, broiled, cooked, ground",0.0,100,283,20.0,8.1,97,81.0,93.4,19.0,0.0,6.7,0.66,0.25,0.1,0.0,0.0,0.0,0.0,0.0,0.0,0,2.61,0.14,0.0,2.0,0.14,0.14,5.3,22.0,0.128,1.79,24.0,0.024,201.0,339.0,27.7,4.67,24.75,1.488,1.47,2.178,0.295,3.591,1.209,0.784,0.0,1.194,1.925,2.186,0.635,1.008,1.038,0.92,1.059,0.289,0.832,1.335,0.0,0.0,0.0,0.0,0.0,0.0,0.0,0.0,0.0,19.65,8.12,8.32,1.4,97.0,0.0,1.14,0.0,0.0,55.09
Pork,1.5,2.9,1.7,0.3,0.3,0.3,0.2,7.2,31.958159,76.38,47.20642769,751.3807531,1109.888752,1795.8,5.150627615,7.60815822,7.263598326,17.36,10.72929543,66867.4,41327.19407,27977.99163,"Pork, cooked, ground, fresh",0.0,100,297,21.0,7.7,94,73.0,88.3,6.0,0.0,4.206,0.52,0.22,0.706,8.0,2.0,0.0,0.0,0.0,0.0,0,0.54,0.391,0.7,21.0,0.21,0.21,0.0,22.0,0.044,1.29,24.0,0.011,226.0,362.0,35.4,3.21,25.69,1.497,1.597,2.383,0.328,4.022,1.22,1.026,0.0,1.203,2.061,2.31,0.68,1.025,1.032,1.061,1.173,0.326,0.895,1.394,0.0,0.0,0.0,0.0,0.0,0.0,0.0,0.0,0.0,20.77,7.72,9.25,1.87,94.0,0.0,1.29,0.0,0.0,52.75
Chicken Meat,2.5,1.8,0.7,0.4,0.3,0.2,0.2,6.1000000000000005,26.32432432,48.7,28.11778291,356.7567568,381.0623557,660.0,5.335135135,5.698614319,6.605405405,12.22,7.055427252,14177.9,8185.854503,7663.72973,"Chicken, raw, ground",0.0,100,143,8.1,2.3,86,60.0,58.8,1.0,0.0,5.575,1.092,0.241,0.109,0.0,0.0,0.0,0.0,0.0,0.0,0,0.56,0.512,0.0,0.0,0.27,0.27,0.8,6.0,0.065,0.82,21.0,0.016,178.0,522.0,10.2,1.47,17.44,0.991,1.128,1.616,0.188,2.611,0.838,0.529,0.094,0.794,1.361,1.509,0.446,0.683,0.658,0.731,0.727,0.147,0.604,0.826,0.04,0.0,0.0,0.0,0.0,0.0,0.0,0.0,0.0,8.1,2.301,3.611,1.508,86.0,0.0,1.17,0.0,0.0,73.24
Milk,0.5,0.2,1.5,0.1,0.1,0.1,0.3,2.8000000000000003,17.75,10.65,32.27272727,1047.0,1903.636364,628.2,5.25,9.5,14.91666667,8.95,27.12121212,19786.3,59958.48485,32977.16667,"Milk, fluid, low sodium",0.0,100,61,3.5,2.2,14,3.0,16.0,5.0,0.0,0.043,0.304,0.105,0.02,105.0,29.0,0.0,7.0,0.0,0.0,0,0.36,0.034,0.9,51.0,0.08,0.08,0.3,101.0,0.01,0.05,5.0,0.004,86.0,253.0,2.0,0.38,3.1,0.107,0.112,0.235,0.029,0.649,0.066,0.084,0.0,0.188,0.304,0.246,0.078,0.15,0.3,0.169,0.14,0.044,0.15,0.207,4.46,0.0,4.46,0.0,0.0,0.0,0.0,0.0,0.0,3.46,2.154,0.999,0.128,14.0,0.0,0.78,0.0,0.0,88.2
Cheese,4.5,2.3,13.1,0.7,0.1,0.2,0.3,21.2,25.41860465,98.37,44.55163043,1448.372093,2538.586957,5605.2,6.170542636,10.81521739,22.68475452,87.79,39.75996377,180850.6,81906.97464,46731.42119,"Cheese, cheddar",0.0,100,404,33.0,19.0,99,653.0,16.5,27.0,0.0,0.059,0.41,0.428,0.029,1242.0,330.0,0.0,85.0,0.0,0.0,0,1.1,0.066,0.0,24.0,0.71,0.71,2.4,710.0,0.03,0.14,27.0,0.027,455.0,76.0,28.5,3.64,22.87,0.751,0.547,1.734,0.123,4.735,0.547,0.547,0.0,1.206,1.939,1.025,0.547,1.074,2.497,0.78,1.044,0.547,1.108,1.404,3.09,0.0,0.48,0.0,0.1,0.26,0.12,0.0,0.0,33.31,18.867,9.246,1.421,99.0,0.0,3.71,0.0,0.0,37.02
Eggs,0.7,2.2,1.3,0.0,0.1,0.2,0.0,4.5,15.11111111,21.76,19.61067051,401.1805556000001,520.6380678,577.7,3.2430555560000003,4.208723864,4.354166667,6.27,5.650684932000001,17982.7,16206.4708,12487.98611,"Eggs, frozen mixture, scrambled",0.0,100,131,5.6,1.1,277,162.0,255.7,17.0,0.0,0.09,0.0,0.3,0.01,410.0,21.0,0.0,246.0,0.0,0.0,0,0.17,0.01,0.0,72.0,0.84,0.84,1.8,17.0,0.03,0.23,10.0,0.0,30.0,147.0,22.9,0.14,13.1,0.0,0.0,0.0,0.0,0.0,0.0,0.0,0.0,0.0,0.0,0.0,0.0,0.0,0.0,0.0,0.0,0.0,0.0,0.0,7.5,0.0,7.5,0.0,0.0,0.0,0.0,0.0,0.0,5.6,1.052,2.339,1.778,277.0,0.0,1.1,0.0,0.0,72.7
Fish (farmed),0.5,0.8,3.6,0.0,0.1,0.1,0.0,5.1,131.3519553,235.12,103.1001973,2062.178771,1618.636264,3691.3,7.61452514,5.976759483,4.698324022,8.41,3.687787766,41572.2,18229.42337,23224.69274,"Fish, raw, haddock",0.0,100,74,0.5,0.1,54,213.0,65.0,12.0,0.0,3.363,0.403,0.057,0.02,57.0,17.0,0.0,0.0,0.0,0.0,0,1.83,0.281,0.0,18.0,0.45,0.45,0.1,11.0,0.021,0.17,21.0,0.011,227.0,286.0,25.9,0.32,16.32,1.143,1.131,1.936,0.203,2.822,0.908,0.557,0.0,0.871,1.537,1.736,0.56,0.738,0.669,0.771,0.829,0.212,0.638,0.974,0.0,0.0,0.0,0.0,0.0,0.0,0.0,0.0,0.0,0.45,0.091,0.061,0.166,54.0,0.0,1.28,0.0,0.0,83.38
Shrimps (farmed),0.2,2.5,8.4,0.0,0.2,0.3,0.2,11.8,0.0,0.0,0.0,0.0,0.0,0.0,0.0,0.0,0.0,0.0,0.0,0.0,0.0,0.0,"Crustaceans, made from surimi, imitation, mixed species, shrimp",0.0,100,101,1.5,0.3,36,705.0,0.0,2.0,0.0,0.17,0.07,0.034,0.024,66.0,20.0,0.0,0.0,0.0,0.0,0,1.6,0.03,0.0,0.0,0.0,0.0,0.0,19.0,0.032,0.6,43.0,0.011,282.0,89.0,22.9,0.33,12.39,0.727,0.823,1.239,0.133,1.956,0.48,0.285,0.0,0.579,0.981,1.132,0.42,0.486,0.462,0.541,0.599,0.075,0.499,0.628,9.13,0.0,0.0,0.0,0.0,0.0,0.0,0.0,0.0,1.47,0.29,0.22,0.75,36.0,0.0,2.11,0.0,0.0,74.91
